Precinct,Ballots,Reg.,Total,Over,Under
"",Cast,Voters,Votes,Votes,Votes
Precinct 427,37,46,35,0,2
Precinct 428,1754,2232,1656,0,98
Precinct 429,3030,3714,2878,0,152
Precinct 430,1411,1611,1339,0,72
Precinct 431,1414,1596,1360,0,54
Precinct 432,316,378,300,0,16
Precinct 433,2338,2685,2230,0,108
Precinct 434,3783,4484,3581,0,202
Precinct 435,4139,4782,3933,0,206
Precinct 436,2346,2606,2211,1,134
Precinct 437,57,62,55,0,2
Precinct 438,286,329,275,0,11
Precinct 439,1843,2135,1751,0,92
Precinct 440,1584,1967,1504,0,80
Precinct 441,75,83,75,0,0
Precinct 442,2804,3231,2655,0,149
Precinct 443,10,13,10,0,0
Precinct 444,1,1,1,0,0
Precinct 445,2,2,2,0,0
Total,321879,384808,305194,12,16673
